Código;Fecha última actualización;Denominación;Descripción;Etiquetas *;Descripción;Pendiente subir;Código completo
"1523205";"14/05/25 12:16";"Constitución de garantías en metalico";"Con este trámite se permite la constitución de una garantia en metalico.";"";"Activo";"Sí";"ERROR"
"1523206";"25/04/25 8:53";"Informe adecuación vivienda para reagrupación familiar y su renovación";"Emisión del informe de adecuación de la vivienda, preceptivo para la tramitación de la autorización de residencia por reagrupación a favor de familiares. Así como sus posteriores renovaciones caso de residir en un domicilio diferente al de la solicitud inicial";"adecuación,vivienda,reagrupación,familiar,renovación";"Activo";"Sí";"05010200"
"1523207";"20/10/23 18:29";"Información general";"Facilitar información al ciudadano sobre cualquier tema relacionado con el Ayuntamiento de Onda, y sobre el municipio en general";"General";"Activo";"No";"02010700"
"1523208";"26/04/22 11:19";"Licencia de obra menor";"El Ayuntamiento de Onda dispone de un servicio de recogida de materiales inservibles y cartón a domicilio.";"Licencia,obra,menor";"Activo";"No";"02030200"
"1523210";"1/02/22 11:34";"Licencia de obras o instalaciones provisionales";"Constatación administrativa de que la fotocopia de un documento coincide exactamente con el original.";"licencia,obras,instalaciones,provisionalesjavascript:openxava.executeAction('OpenSEA','CodigoSIAAdmin','',false,'CodigoSIA.grabarSubirCodigoSIA')";"Activo";"No";"02030200"
"1523211";"26/07/18 14:56";"Alta en el padrón municipal de habitantes";"Inscripción de una persona en el padrón municipal de habitantes para ejercer como vecino todos los derechos y deberes contemplados en la legislación vigente.";"";"Activo";"No";"ERROR"
"1523212";"9/06/25 18:21";"Cambio de domicilio en el padrón municipal de habitantes";"Cambio en la inscripción de una persona en el padrón municipal de habitantes, en lo que se refiere a los datos de su domicilio.";"";"Activo";"Sí";"ERROR"
"1523213";"26/07/18 15:06";"Baja por defunción en el padrón municipal de habitantes";"Solicitud de la baja de inscripción de una persona fallecida en el padrón municipal de habitantes, cuando no se realice por el procedimiento normal (a través de la remisión de la defunción a través del Instituto Nacional de Estadística).";"";"Activo";"No";"ERROR"
"1523214";"26/07/18 15:09";"Alta por nacimiento en el padrón municipal de habitantes.";"Solicitud de inscripción de una persona recién nacida en el padrón municipal de habitantes cuando no se inscribe por el procedimiento normal (a través de la remisión del nacimiento por parte del Instituto Nacional de Estadística).";"";"Activo";"No";"ERROR"
"1523215";"26/07/18 15:12";"Volante de empadronamiento individual";"Documento que acredita el empadronamiento de una persona en un domicilio, con los datos que constan en ese momento en el padrón municipal de habitantes.";"";"Activo";"No";"02010700"
"1523216";"26/07/18 15:23";"Volante de empadronamiento familiar";"Documento que acredita el empadronamiento de todas las personas en un mismo domicilio, con los datos que constan en ese momento en el padrón municipal de habitantes.";"";"Activo";"No";"02010700"
"1523217";"26/07/18 15:25";"Modificación de datos personales en el padrón municipal de habitantes";"Modificación en los datos personales de una persona inscrita en el padrón municipal de habitantes, bien porque existe un error o bien porque ha variado algún dato.";"Modificación,datos,personales,padrón,municipal,de,habitantes";"Activo";"No";"ERROR"
"1523218";"3/11/20 16:35";"Certificado de empadronamiento";"Documento que acredita el empadronamiento de una persona en un domicilio, con los datos que constan en ese momento en el padrón municipal de habitantes. Se diferencia del volante de empadronamiento en que el documento lleva la firma del secretario y el visto bueno del alcalde.";"";"Activo";"No";"02010700"
"1523219";"10/03/21 17:57";"Certificado de convivencia";"Documento que acredita el empadronamiento de una familia o varias personas en un domicilio, a través de un informe de la Policía Local.";"Solicitud,de,certificado,de,convivencia";"Activo";"No";"04010200"
"1523220";"26/07/18 15:33";"Ocupación de nichos o columbarios";"Solicitud de la cesión de uso de un nicho o columbario en el cementerio municipal.";"";"Activo";"No";"ERROR"
"1523228";"27/07/18 8:16";"Solicitud de reversión de instalaciones funerarias en el cementerio municipal";"Procedimiento por el que se solicita la reversión a favor del Ayuntamiento de las instalaciones funerarias del Cementerio municipal";"";"Activo";"No";"ERROR"
"1523243";"20/07/21 13:08";"Servicios del cementerio municipal";"Solicitud de cualquiera de los servicios municipales del cementerio:      1. Autorización de inhumación con o sin cesión de uso de un nicho o columbario.     2. Apertura de nicho.     3. Colocación de lápida.     4. Traslado de cadáveres.";"Servicios,cementerio,municipal";"Activo";"No";"02010500"
"1523244";"8/03/21 11:17";"Cambio de titularidad de nichos en el cementerio municipal";"Solicitud del cambio de titularidad de un nicho o columbario cedido por el Ayuntamiento de Onda.";"Cambio,de,titularidad,de,nichos,en,el,cementerio,municipal";"Activo";"No";"02010500"
"1523245";"27/07/18 14:04";"Alta de venta ambulante en mercadillo semanal";"Documento para solicitar la licencia de venta ambulante en el mercadillo semanal de los jueves.";"";"Activo";"No";"ERROR"
"1523246";"27/07/18 14:09";"Modificación de las autorizaciones de venta ambulante en el mercadillo semanal";"Procedimiento para modificar las autorizaciones vigentes de venta ambulante en el mercadillo semanal de los jueves:     ¿ Cambio de titularidad     ¿ Permuta     ¿ Ampliación o reducción del puesto.     ¿ Cambio de ubicación";"";"Activo";"No";"ERROR"
"1523247";"28/02/22 9:23";"Comprobación de la vigencia de las circunstancias para la venta ambulante";"Procedimiento por el que el Ayuntamiento comprueba que las personas autorizadas para el ejercicio de la venta ambulante en el mercadillo semanal de los jueves siguen cumpliendo los requisitos que condicionaron su autorización.";"";"Activo";"Sí";"ERROR"
"1523248";"30/06/25 12:33";"Autorización para la participación en los puestos de venta ambulante de la Fira d'Onda";"Documento para solicitar la licencia de venta ambulante en la 'Fira d'Onda' que se celebra cada año con motivo de las fiestas patronales.";"Autorización,participación,puestos,venta,ambulante,Fira,Onda";"Activo";"Sí";"02010700"
"1523323";"4/05/21 10:09";"Alta de estacionamiento de camiones en la campa sita en la zona El Desmonte";"Procedimiento por el que las personas interesadas solicitan estacionar sus vehículos en la campa El Desmonte, zona de aparcamiento de camiones con vigilancia permanente..";"";"Activo";"No";"02010500"
"1523324";"5/05/21 9:42";"Baja de estacionamiento de camiones en la campa sita en la zona El desmonte";"Procedimiento por el que se solicita la baja de estacionamiento en la campa El Desmonte por parte de personas a las que en su día se concedió la correspondiente alta.";"";"Activo";"No";"02010500"
"1523325";"28/02/22 9:23";"Solicitud de cambio de titularidad estacionamiento de camiones en la campa sita en la zona ¿El Desmonte¿";"Procedimiento por el que se solicita un cambio de titularidad de una plaza de la campa ¿El Desmonte¿.";"";"Activo";"Sí";"ERROR"
"1523326";"28/02/22 9:24";"Solicitud de cambio de número de plaza de estacionamiento de camiones en la campa sita en la zona ¿El Desmonte¿";"Procedimiento por el que se solicita un cambio de plaza en la campa ¿El Desmonte¿.";"";"Activo";"Sí";"ERROR"
"1523327";"28/02/22 9:23";"Solicitud de cambio de matrícula de vehículos de la campa sita en la zona ¿El Desmonte¿";"Procedimiento por el que se solicita permiso para estacionar un nuevo vehículo en una plaza de la campa ¿El Desmonte¿.";"";"Activo";"Sí";"ERROR"
"1523328";"24/07/25 13:43";"Subvención para la adecuación de las viviendas y edificios residenciales vinculadas a las personas mayores de 65 años con con una discapacidad mayor del 65% de Onda";"Subvención para la adecuación de las viviendas y edificios residenciales vinculadas a las personas mayores de 65 años con con una discapacidad mayor del 65% de Onda";"";"Activo";"Sí";"02030200"
"1523329";"2/03/22 13:22";"Baja en el Padrón de la tasa de recogida, tratamiento y eliminación de residuos sólidos urbanos";"Procedimiento para solicitar la baja en el Padrón de la tasa de basura";"";"Activo";"Sí";"ERROR"
"1523336";"2/03/22 14:46";"Bonificación del Impuesto sobre vehículos de tracción mecánica por utilización de carburantes  biocombustibles o con motor eléctrico-híbrido";"Procedimiento para solicitar la bonificación del 75% sobre la cuota del Impuesto sobre vehículos de tracción mecánica por tratarse de vehículos que utilizan carburantes biocombustibles o con motor eléctrico-híbrido";"";"Activo";"Sí";"ERROR"
"1523339";"2/03/22 14:41";"Bonificación en el Impuesto sobre vehículos de tracción mecánica  para vehículos históricos o que tengan una antigüedad superior a 25 años";"Procedimiento para solicitar la bonificación del 100% en la cuota del impuesto por tratarse de vehículos históricos o tener una antigüedad superior a 25 años";"";"Activo";"Sí";"ERROR"
"1523341";"24/07/25 13:43";"Subvención para la rehabilitación de edificios y viviendas en el Centro Histórico Protegido (CHP)";"Subvención para la rehabilitación de edificios y viviendas en el Centro Histórico Protegido (CHP)";"Subvención,rehabilitación,edificios,viviendas,Centro,Histórico,Protegido,(CHP)";"Activo";"Sí";"02030200"
"1523344";"2/03/22 12:56";"Cambio de titularidad de la tasa de recogida, tratamiento y eliminación de residuos sólidos urbanos";"Procedimiento para solicitar el cambio de titularidad de la tasa de basura por transmisión de un inmueble";"";"Activo";"Sí";"ERROR"
"1523350";"2/03/22 18:02";"Declaración del Impuesto sobre el Incremento del Valor de los Terrenos de Naturalez Urbana";"Declaración del Impuesto sobre el Incremento del Valor de los Terrenos de Naturalez Urbana";"";"Activo";"Sí";"ERROR"
"1523360";"14/11/23 8:02";"Devolución de la parte proporcional del recibo anual de la Tasa de vados por baja del mismo";"Procedimiento para solicitar la devolución de la parte de la cuota correspondiente a los trimestres naturales que resten hasta finalizar el año cuando el vado se dé de baja";"";"Activo";"Sí";"02030600"
"1523361";"30/04/25 14:01";"Devolución de la parte proporcional del recibo anual del Impuesto sobre vehículos de tracción mecánica por baja";"Procedimiento para solicitar la devolución de la parte proporcional del recibo anual del impuesto en los supuestos en los que se haya dado de baja el vehículo en la DGT";"";"Activo";"Sí";"02010700"
"1523362";"2/03/22 14:28";"Exención en el Impuesto sobre vehículos de tracción mecánica para vehículos agrícolas solicitada antes de la matriculación y posterior devolución del impuesto";"Procedimiento para solicitar la exención en el Impuesto sobre vehículos de tracción cuando se trata de vehículos agrícolas antes de matricular el vehículo y que da derecho a la devolución de la autoliquidación del impuesto correspondiente al alta porque la concesión de la exención se aplica al mismo año en que se solicita";"";"Activo";"Sí";"ERROR"
"1523363";"2/03/22 13:36";"Exención en el Impuesto sobre vehículos de tracción mecánica para vehículos agrícolas";"Procedimiento para solicitar la exención en el Impuesto sobre vehículos de tracción cuando se trata de vehículos agrícolas";"";"Activo";"Sí";"ERROR"
"1523364";"2/03/22 14:26";"Exención en el Impuesto sobre vehículos de tracción mecánica para vehículos para personas con movilidad reducida o matriculados a nombre de discapacitados, solicitada antes de la matriculación y posterior devolución del impuesto";"Procedimiento para solicitar la exención en el Impuesto sobre vehículos de tracción cuando se trata de vehículos para personas con movilidad reducida o matriculados a nombre de discapacitados, cuando se formula antes de matricular el vehículo y que da derecho a la devolución de la autoliquidación del impuesto correspondiente al alta porque la concesión de la exención se aplica al mismo año en que se solicita";"";"Activo";"Sí";"ERROR"
"1523365";"2/03/22 13:56";"Exención en el Impuesto sobre vehículos de tracción mecánica para personas con movilidad reducida o para vehículos matriculados a nombre de personas con discapacidad para su uso exclusivo";"Procedimiento para solicitar la exención en el Impuesto por personas de movilidad reducida a que se refiere el Reglamento general de vehículos como para los matriculados a nombre de discapacitados para su uso exclusivo, tanto a los vehículos conducidos por personas con discapacidad como a los destinados a su transporte.";"";"Activo";"Sí";"ERROR"
"1523374";"19/09/22 18:57";"Generación del documento de autoliquidación para pago de tributos y para depósito de garantías en efectivo";"Obtención del documento necesario para efectuar el pago de autoliquidaciones de determinados tributos y para el depósito de garantías en efectivo";"";"Activo";"No";"02010700"
"1523375";"7/11/22 13:33";"Justificación de la concesión de subvenciones a asociaciones y entidades de Onda.";"justificación de la concesión de subvenciones a asociaciones y entidades de Onda.";"";"Activo";"No";"02010700"
"1523376";"22/11/22 17:08";"Autorización para ocupación de la vía pública con andamios, contenedores o estructuras similares";"Autorización para ocupación de la vía pública con andamios, contenedores o estructuras similares";"Autorización,para,ocupación,de,la,vía,pública,con,andamios,contenedores,o,estructuras,similares";"Activo";"Sí";"02010700"
"1523377";"2/12/24 18:03";"Solicitud de participación en el concurso de decoración navideña  de balcones y ventanas de Onda 2024";"El Ayuntamiento de Onda tiene como objetivo la realización de un concurso de decoración navideña de balcones y ventanas de Onda para promocionar la actividad turística local y dinamizar la participación activa de los ondenses.";"concurso,decoración,navideña,balcones";"Activo";"Sí";"02010700"
"1523400";"25/04/25 9:05";"Servicio Ayuda a Domicilio municipal (SAD)";"Conjunto de actuaciones y cuidados realizados principalmente en el domicilio y en el  entorno social de la persona con la finalidad de atender las necesidades de la vida diaria  y de prestar apoyo personal de carácter polivalente y preventivo; el seguimiento y acompañamiento para las personas y, en su caso, unidad de convivencia, que presenten dificultades físicas, intelectuales, cognitivas, de salud mental o sociales, o se encuentren en situación de vulnerabilidad.";"Servicio,Ayuda,Domicilio,municipal";"Activo";"Sí";"02010700"
"1523401";"30/03/23 10:17";"Huertos Sociales Intergeneracionales";"Procedimiento para la adjudicación de las autorizaciones de  las parcelas a favor de la ciudadanía de Onda y otras entidades de carácter asociativo que cumplan las condiciones establecidas en las  bases y ordenanza reguladoras.";"Huertos,Sociales,Intergeneracionales";"Activo";"No";"02010700"
"1523402";"7/09/23 9:30";"Inscripción Consell Municipal de  Festes";"Inscripción Consell Municipal de Festes";"";"Activo";"Sí";"02010700"
"1523403";"20/11/23 12:42";"Autorización del servicio de taxi y visado de la autorización";"Licencia que se expide para la prestación del servicio de taxi en el municipio de Onda y su visado periódico, en su caso.";"";"Activo";"Sí";"02020300"
"1523404";"29/04/25 8:45";"Ayudas económicas municipales para prótesis capilares en pacientes oncológicos";"Concesión de ayudas económicas otorgadas por el Ayuntamiento de Onda a unidades familiares en cuyo ámbito existan uno o más miembros con diagnóstico médico ontológico y precisen prótesis capilares como resultado del tratamiento de quimioterapia.";"Ayudas,económicas,municipales,prótesis,capilares,pacientes,oncológicos";"Activo";"Sí";"02010700"
"1523405";"24/04/25 18:38";"Servicio municipal ";"Garantizar una comida diaria a personas mayores con una dieta saludable y adaptada a sus necesidades nutricionales";"Menjar,a,Casa";"Activo";"Sí";"02010700"
"1523411";"29/04/25 8:46";"Servicios Sociales Generales";"Información, asesoramiento y derivación";"Servicios,Sociales,Generales";"Activo";"Sí";"05010200"
"1523413";"6/05/24 14:47";"Comunicación absentismo escolar";"Comunicar, por parte de los centros educativos, los alumnos con reiteradas faltas de asistencia en el centro para tener conocimiento y actuar en consecuencia siguiendo el  protocolo de absentismo aprobado por el *CEM 22.04.24";"absentismo,comunicación";"Activo";"Sí";"02050400"
"1544142";"1/09/22 10:10";"Constitución de garantías mediante aval";"Con este trámite se le facilitan los modelos para la constitución de una garantía mediante aval.";"Garantías,aval";"Activo";"Sí";"02010700"
"1639068";"13/06/25 12:21";"Aplazamiento y fraccionamiento de deudas";"Procedimiento para solicitar el aplazamiento o fraccionamiento del pago de deudas que se estén recaudando en el Ayuntamiento de Onda.";"";"Activo";"Sí";"02010700"
"1639069";"20/05/25 15:10";"Certificado de estar al corriente de pago de deudas";"Procedimiento para solicitar un certificado que acredite que el solicitante no tiene deudas en periodo ejecutivo con el Ayuntamiento de Onda";"";"Activo";"Sí";"02010700"
"1639070";"4/04/22 10:03";"Entrada de bovinos en explotación Ayuntamiento Onda";"Entrada de bovinos en explotación Ayuntamiento Onda";"bovinos,explotacion,fiestas";"Activo";"No";"05020100"
"1639071";"9/09/22 13:34";"Devolución de ingresos indebidos por duplicidad en el pago";"Solicitud de devolución de un ingreso indebido que se ha producido por alguno de los siguientes motivos: - Duplicidad en el pago del mismo recibo, liquidación o autoliquidación - La cantidad abonada ha sido superior al importe de la deuda - El ingreso se ha efectuado transcurrido el plazo de prescripción";"";"Activo";"No";"03020400"
"1639072";"4/09/25 12:45";"Domiciliación bancaria";"Comunicación que efectúa el sujeto pasivo para domiciliar el pago de deudas de vencimiento periódico en cuentas abiertas en entidades de crédito";"";"Activo";"Sí";"03020400"
"1639073";"8/09/22 7:55";"Duplicado de documento cobratorio";"Obtención de duplicado de documento cobratorio para efecuar el pago";"";"Activo";"No";"02010700"
"1639074";"7/09/22 17:00";"Justificante de pago";"Obtención de un justificante de pago de tributos u otras deudas cuando se ha perdido el justificante original.";"";"Activo";"No";"02010700"
"1639075";"6/04/22 18:21";"Autorización de publicidad en vía pública";"Se autoriza el uso de la vía pública para campañas publicitarias a través de reparto de octavillas, megafonía,...";"publicidad,vía,pública,autorización";"Activo";"No";"02020300"
"1639076";"21/12/22 8:38";"Recurso de reposición contra la providencia de apremio";"Recurso que puede interponerse contra la providencia de apremio en el plazo de un mes a contar desde el día siguiente al de la recepción de la notificación de la misma";"";"Activo";"No";"ERROR"
"1639086";"6/09/22 19:01";"Justificación de subvenciones de actividades culturales";"Justificación de subvenciones de actividades culturales";"Solicitud,pago,subvención,actividades,cultura";"Activo";"No";"02050200"
"1639087";"8/02/21 12:01";"UTILIZACIÓN TEATRO MÓNACO CON FINES LUCRATIVOS";"UTILIZACIÓN TEATRO MÓNACO CON FINES LUCRATIVOS";"teatro,mónaco,cultra";"Activo";"No";"02010700"
"1639088";"14/05/24 14:22";"Subvenciones para asociaciones actividades culturales";"Subvenciones para la realización de actividades dirigidas al desarrollo y difusión de contenidos culturales, organizadas por asociaciones y entidades de Onda";"";"Activo";"Sí";"02050200"
"1639089";"28/02/22 9:31";"SUBVENCIONES PARA REALIZACIÓN DE CREACIONES ARTÍSTICAS LOCALES";"SUBVENCIONES PARA REALIZACIÓN DE CREACIONES ARTÍSTICAS LOCALES";"";"Activo";"Sí";"ERROR"
"1639090";"28/02/22 9:31";"OCUPACIÓN DE VÍA PÚBLICA ENTIDADES CULTURALES";"OCUPACIÓN DE VÍA PÚBLICA ENTIDADES CULTURALES";"";"Activo";"Sí";"ERROR"
"1662891";"5/07/21 12:51";"Inscripción en el censo municipal de animales de compañia";"Este trámite permite solicitar el alta, baja o modificación de datos relativos al Registro Censal de Animales.";"animales,censo";"Activo";"No";"04010200"
"1662892";"4/10/21 9:38";"Licencia para la tenencia de animales potencialmente peligrosos";"Licencia que se expide para la tenencia de animales potencialmente peligrosos con la finalidad de controlar los mismos.";"";"Activo";"Sí";"02010700"
"1662893";"2/03/22 17:34";"Comunicación previa para quemas agrícolas";"Este trámite permite realizar la quema de rastrojos o restos vegetales de manera controlada dentro del término municipal. La comunicación previa para quemas agrícolas deberá presentarse con una antelación de 7 días a la realización de la quema, siendo requisito imprescindible presentar la misma, debidamente cumplimentada.";"Solicitud,quema,restos,agrícolas";"Activo";"No";"02010700"
"1662896";"28/02/22 9:32";"Servicio Teleayuda Domiciliaria";"Servicio Teleayuda Domiciliaria";"";"Activo";"Sí";"ERROR"
"1662897";"28/02/22 9:32";"Tarjeta Sanitaria Municipal";"Tarjeta Sanitaria Municipal";"";"Activo";"Sí";"ERROR"
"1662899";"20/11/19 18:09";"Formación y prácticas en empresa";"Documentación vinculada a la formación y las prácticas en empresa.";"";"Activo";"Sí";"ERROR"
"1662901";"20/11/19 18:08";"INFORME INSCRIPCIÓN AGENCIA COLOCACIÓN";"INFORMES USUARIOS DE INSCRIPCIÓN AGENCIA COLOCACIÓN PARA DEMOSTRAR UNA POLITICA ACTIVA DE EMPLEO ANTE  LA BUSQUEDA DE TRABAJO Y EL COBRO DE PRESTACIONES";"";"Activo";"Sí";"ERROR"
"1662903";"20/11/19 18:08";"ORIENTACIÓN LABORAL POR LA AGENCIA COLOCACIÓN";"ORIENTACIÓN LABORAL POR LA AGENCIA COLOCACIÓN";"";"Activo";"Sí";"ERROR"
"1662905";"4/03/21 22:06";"Plan Bono Comercio";"Campaña bono comercio Onda de apoyo  al pequeño comercio, empresas prestadoras de servicios y hostelería de Onda mediante procedimiento de concesión de subvenciones para la realización de acciones de promoción de ventas";"Bono,comercio";"Activo";"No";"02060100"
"1662906";"28/02/22 9:32";"Alta en el registro de comercios, servicios, hostelería y asesorías locales";"Es un registro para elaborar un mapa de la actividad local del municipio y para poder enviarles información relevante para ellos";"";"Activo";"Sí";"ERROR"
"1704651";"28/02/22 9:33";"Alta en la Galería Comercial";"Los establecimientos locales pueden darse de alta en la Galería Comercial para darse a conocer al público";"";"Activo";"Sí";"ERROR"
"1704653";"29/05/25 12:48";"Solicitud de acceso / visita a los recursos  turísticos municipales";"Solicitud de acceso / visita a los recursos  turísticos municipales";"solicitud,acceso,turismo";"Activo";"Sí";"02010700"
"1704654";"28/02/22 9:33";"APOYO E INFORMACIÓN PARA LA INSCRIPCIÓN ACTIVIDADES FORMACIÓN CON OTRAS ENTIDADES DE AMBITO PROVINCIAL POR AGENCIA COLOCACIÓN";"APOYO E INFORMACIÓN PARA LA INSCRIPCIÓN ACTIVIDADES FORMACIÓN CON OTRAS ENTIDADES DE AMBITO PROVINCIAL POR AGENCIA COLOCACIÓN";"";"Activo";"Sí";"ERROR"
"1704655";"28/02/22 9:33";"Solicitud de apertura del Mercado Municipal en un día u horario excepcional";"La Asociación de Vendedores del Mercado Municipal y Pescadería de Onda solicita la apertura del Mercado Municipal para la venta en un horario que no es el habitual";"";"Activo";"Sí";"ERROR"
"1768354";"28/02/22 9:33";"Concurso de Carteles anunciadores de la Feria";"Concurso de Carteles anunciadores de la Feria";"";"Activo";"Sí";"ERROR"
"1768355";"29/04/25 13:01";"Comunicación realización charanga";"Comunicación realización charanga ";"Comunicación,realización,charanga";"Activo";"Sí";"02010700"
"1768356";"23/09/24 14:35";"Subvenciones actividades musicales y taurinas en la Feria";"Subvenciones actividades musicales y taurinas en la Feria";"";"Activo";"Sí";"05020100"
"1768357";"30/06/25 13:10";"Participación en la feria de El Salvador";"Convocatoria de concesión en régimen de concurrencia competitiva de autorizaciones para  la venda no sedentaria de la festividad del El Salvador.";"Fira,El,Salvador";"Activo";"Sí";"02010700"
"1777442";"28/02/22 10:13";"Nombramiento de Reina y Corte Honor";"Nombramiento de Reina y Corte Honor";"";"Activo";"Sí";"ERROR"
"1777443";"16/05/24 9:47";"Participación en el sorteo de cadafales";"Participación en el sorteo de cadafales";"Solicitud,participación,sorteo,cadafales";"Activo";"Sí";"05020100"
"1777444";"25/01/22 18:20";"Informe tradicionalidad de festejos taurinos";"Petición Informe tradicionalidad de festejos taurinos para la tramitación de permisos taurinos";"fiestas,taurinas";"Activo";"No";"05020100"
"1777445";"4/03/22 9:39";"Necesidades de servicios para la celebración fiestas";"Necesidades de servicios para la celebración fiestas";"";"Activo";"Sí";"ERROR"
"1777446";"19/05/22 8:23";"Participación en pruebas de capacitación Taxi";"Solicitud de admisión de las personas interesadas al proceso selectivo de pruebas de capacitación para poder prestar servicio en Onda.";"capacitación,Taxi";"Activo";"No";"02020300"
"1777449";"28/02/22 9:35";"ACTIVACIÓN DEL PROTOCOLO DE ABSENTISMO ESCOLAR EN FASE 2";"ACTIVACIÓN DEL PROTOCOLO DE ABSENTISMO ESCOLAR EN FASE 2";"";"Activo";"Sí";"ERROR"
"1777450";"28/02/22 9:35";"ACTIVACIÓN DEL PROTOCOLO DE ABSENTISMO ESCOLAR EN LA FASE 3";"ACTIVACIÓN DEL PROTOCOLO DE ABSENTISMO ESCOLAR EN LA FASE 3";"";"Activo";"Sí";"ERROR"
"1777453";"11/06/25 8:48";"Justificación de subvenciones de de clubs/asociaciones deportivas";"Procedimiento de aportación de documentación previa a la firma del convenio y posterior solicitud de pago del convenio firmado con asociaciones y entidades de onda";"Solicitud:,pago,100%,subvención,clubs/asociaciones,deportivas";"Activo";"Sí";"02010700"
"1778402";"17/06/25 9:05";"Convenios colaboracion entidades deportivas";"Convenios colaboración con entidades locales";"Convenios.,entidades,deportivas";"Activo";"Sí";"02010700"
"1778403";"4/09/25 8:17";"SUBVENCIONES PARA DEPORTISTAS INDIVIDUALES DE ÉLITE DEPORTIVAS";"Subvención para deportistas de élite, promesas y senior féminas año actual.";"Subvención,deportistas,élite,promesas";"Activo";"Sí";"02050300"
"1778404";"15/05/25 13:56";"Solicitud concesión subvenciones a entidades deportivas";"Solicitud concesión subvenciones a entidades deportivas";"Solicitud,concesión,subvenciones,a,entidades,deportivas";"Activo";"Sí";"02050300"
"1778405";"30/05/25 12:47";"Alta, baja o modificación de una Asociación en el Registro Local de Asociaciones ";"Procedimiento mediante el cual se tramita una alta, baja o modificación de una Asociación en el Registro Local de Asociaciones";"Alta,baja,modificación,Asociación,Registro,Local,Asociaciones";"Activo";"Sí";"02010700"
"1778406";"28/02/22 9:36";"AUTORIZACIÓN PARA OCUPACIÓN DE VÍA PÚBLICA ENTIDADES DEPORTIVAS";"AUTORIZACIÓN PARA OCUPACIÓN DE VÍA PÚBLICA ENTIDADES DEPORTIVAS";"";"Activo";"Sí";"ERROR"
"1778507";"28/02/22 9:36";"Emisión certificados de naturaleza económica";"Emisión de certificados con contenido presupuestario solicitado por terceros";"";"Activo";"Sí";"ERROR"
"1778511";"31/03/22 11:25";"Presentación de facturas menores de 1000?. Personas físicas (no colegiados)";"Registro de facturas de contratos menores de 1000 euros, solo para personas físicas y no colegiadas.";"";"Activo";"Sí";"ERROR"
"1778889";"28/02/22 10:38";"Admisión del alumnado de Educación Infantil, Primaria y Secundaria Obligatoria: Escolarización sobrevenida";"El objeto de este trámite es escolarizar al alumnado en el municipio de Onda después de la finalización del procedimiento de admisión.  El Ayuntamiento, mediante la Comisión Municipal de Escolarización, escolariza a toda la población menor del municipio, en edad escolar y que no ha pedido admisión en el período ordinario, en los cursos de Educación Infantil, Primaria y Secundaria Obligatoria, en el período en el que ha finalizado la admisión de alumnos (Escolarización sobrevenida).  La Comisión Municipal de Escolarización es un órgano colegiado municipal que funciona en colaboración con la Consejería de Educación, Investigación, Cultura y Deporte, en base a la normativa vigente en escolarización.";"";"Activo";"Sí";"ERROR"
"1778890";"1/02/23 8:10";"Declaración responsable primera ocupación de edificaciones e instalaciones";"Declaración responsable primera ocupación de edificaciones e instalaciones para legitimar al propietario la conexión por las compañías suministradoras, por primera vez, de los servicios de agua, luz, gas, telefonia, etc en su inmueble residencial";"";"Activo";"No";"02030200"
"1778895";"9/06/22 10:10";"Declaración responsable renovación de la ocupación de edificaciones e instalaciones";"Declaración responsable renovación de la ocupación de edificaciones e instalaciones para legitimar al propietario la renovación por las compañías suministradoras de los servicios de agua, luz, gas, telefonia, etc en su inmueble residencial (por alteración del uso del edificio, venta del inmueble diez años después de la primera ocupación)";"";"Activo";"No";"02030200"
"1778896";"25/04/25 8:59";"Informe arraigo social";"Emisión del informe de Arraigo Social para la posterior tramitación de la autorización de residencia temporal por razones de arraigo social.";"arraigo,social";"Activo";"Sí";"05010200"
"1778897";"3/07/25 13:48";"Autorización para la celebración de espectáculos musicales la calle (Fira d'Onda)";"Solicitud de autorización para la celebración de espectáculos musicales en la calle (Fira d'Onda)";"celebración,especáculos,musicales,calle,Fira,Onda";"Activo";"Sí";"05020100"
"1778959";"7/09/20 16:03";"MATRÍCULA ESCOLA OBERTA";"MATRÍCULA ESCOLA OBERTA";"MATRÍCULA,ESCOLA,OBERTA";"Activo";"No";"02010700"
"1778960";"10/10/22 17:09";"Matrícula programa municipal actividades formativas";"Matrícula programa municipal actividades formativas";"Matrícula,programa,municipal,actividades,formativas";"Activo";"No";"02050400"
"1778961";"14/03/22 16:21";"Expedición de la tarjeta de armas 4ª categoría";"Expedición por parte de la alcaldía de la tarjeta de armas de 4ª categoría, previa comprobación de sus antecedentes penales y policiales para determinar la buena conducta del ciudadano.";"Expedición,tarjeta,armas";"Activo";"No";"02020300"
"1778962";"10/02/21 13:25";"Informe policial por parte de compañías de seguros";"Solicitud de informe policial por parte de compañías de seguros";"Solicitud,informe,policia,compañias,de,seguros,aseguradoras";"Activo";"No";"04010200"
"1778963";"31/05/23 13:56";"Matrícula en el servicio municipal de la ";"Servicio municipal ""Escoleta d'Estiu""";"Matrícula,Servicio,Escoleta,Estiu";"Activo";"Sí";"02050400"
"1778964";"28/02/22 10:39";"OCUPACIÓN DE INSTALACIONES EDUCATIVAS Y SERVICIOS";"OCUPACIÓN DE INSTALACIONES EDUCATIVAS Y SERVICIOS";"";"Activo";"Sí";"ERROR"
"1778965";"13/04/22 16:57";"OCUPACIÓN DE INSTALACIONES, ESPACIOS Y SERVICIOS PÚBLICOS: ENTIDADES EDUCATIVAS";"OCUPACIÓN DE INSTALACIONES, ESPACIOS Y SERVICIOS PÚBLICOS: ENTIDADES EDUCATIVAS";"";"Activo";"Sí";"ERROR"
"1778966";"24/04/25 18:44";"Informes de vulnerabilidad económica grandes tenedores";"El trámite consiste en la emisión de informes de vulnerabilidad económica, a petición de grandes tenedores, como consecuencia de la entrada en vigor de la disposición final quinta de la Ley 12/2023, de 24 de mayo, por el derecho a la vivienda, a través de la cual se modifican los artículos 439.6.c) 2o; 655 bis.1.2o y 685.2.2o de la LEC. En los citados artículos, tras la modificación, se solicita a los grandes tenedores, como requisito para la admisión de demandas que pretendan la recuperación de la posesión de una finca, subastas de bienes inmuebles o despachos de ejecución, que se acredite que los deudores/afectados no se encuentran en una situación de vulnerabilidad económica y, en su caso, en el supuesto de que sí se encuentren en dicha situación, se lleve a cabo por la administración competente un procedimiento de intermediación hipotecaria. ";"vulnerabilidad,económica,grandes,tenedores";"Activo";"Sí";"05010200"
"1778969";"10/02/21 15:01";"Informe policial genérico";"Solicitud informe policial genérico";"informe,policial,genérico";"Activo";"No";"04010200"
"1778980";"28/02/22 10:40";"SUBVENCIONES A LOS CENTROS DE EDUCACIÓN INFANTIL Y PRIMARIA, DE SEGUNDO CICLO Y P2 DEL CENTRO AUTORIZADO";"SUBVENCIONES A LOS CENTROS DE EDUCACIÓN INFANTIL Y PRIMARIA, DE SEGUNDO CICLO Y P2 DEL CENTRO AUTORIZADO";"";"Activo";"Sí";"ERROR"
"1778981";"3/03/25 10:11";"Ayudas a empresas ubicadas  en Onda destinadas al fomento de la contratación. Ejercicio  2022";"Ayudas a empresas ubicadas  en Onda destinadas al fomento de la contratación.";"Ayudas,empresas,Onda,destinadas,fomento,contratación";"Activo";"Sí";"02060100"
"1778982";"3/07/25 16:45";"Participación en ferias comerciales";"Solicitud para participar como comercio en las ferias comerciales organizadas por el Ayuntamiento como San Miguel, Mercat de Nadal";"Solicitud,de,participación,en,ferias,comerciales";"Activo";"Sí";"02060100"
"1778983";"28/02/22 10:40";"Solicitud participación en programas de empleo del SERVEF aprobados al Ayuntamiento de Onda por Resolución";"En el marco de los programas de empleo del SERVEF el Ayuntamiento contrata a personas seleccionadas siguiendo el procedimiento indicado en cada programa";"";"Activo";"Sí";"ERROR"
"1778984";"29/05/25 12:25";"Consulta fondos históricos del Archivo Municipal";"Consulta fondos históricos del Archivo Municipal";"consulta,archivo";"Activo";"Sí";"02010700"
"1973663";"20/11/19 17:59";"Programa Municipal de Voluntariado";"Este Programa pretende fomentar la participación activa de los vecinos de Onda a través del voluntariado, potenciando su formación y apoyando proyectos innovadores que surjan de la propia retroalimentación.";"";"Activo";"Sí";"ERROR"
"1977488";"24/04/25 19:00";"Ayudas Municipales (Ayudas Económicas de Emergencia para la Atención de Necesidades Sociales)";"Ayudas destinadas a cubrir las necesidades básicas puntuales de los usuarios.";"Ayudas,Servicios,Sociales,Emergencia";"Activo";"Sí";"02010700"
"1985294";"28/02/22 10:40";"Sistema para la Autonomía y Atención a la Dependencia.";"Información, asesoramiento y realizar el seguimiento en materia de atención a las personas en situación de dependencia  Tramitación de plazas públicas de atención residencial/centro de día  de personas mayores de urgencia.";"";"Activo";"Sí";"ERROR"
"2074325";"18/11/19 11:11";"CONTRATO DE OBRAS";"REALIZACIÓN DE UNA OBRA  O EJECUCIÓN DE DETERMINADOS TRABAJOS";"";"Activo";"Sí";"ERROR"
"2074327";"18/11/19 11:12";"CONTRATO DE CONCESIÓN DE OBRAS PÚBLICAS";"REALIZACIÓN POR EL CONCESIONARIO DE DETERMINADAS PRESTACIONES  RELATIVAS A  CONSTRUCCIONES  O A ELEMENTOS YA CONSTRUIDOS";"";"Activo";"Sí";"ERROR"
"2074328";"28/02/22 10:41";"CONTRATO DE GESTIÓN DE SERVICIOS PÚBLICOS.";"ENCOMENDAR  A UNA PERSONA, FÍSICA O JURÍDICA, LA GESTIÓN DE UN SERVICIO CUYA PRESTACIÓN HA SIDO ASUMIDA COMO PROPIA POR LA ADMINISTRACIÓN O MUTUA ENCOMENDANTE";"";"Activo";"Sí";"ERROR"
"2074329";"28/02/22 10:41";"CONTRATOS MENORES";"Realizar contratos de importe inferior a 50.000 euros, cuando se trate de contratos de obra o a 18.000 euros cuando se trate de otros contratos";"";"Activo";"Sí";"ERROR"
"2074330";"28/02/22 10:41";"CONTRATO DE SUMINISTRO";"ADQUISICIÓN, ARRENDAMIENTO FINANCIERO O ARRENDAMIENTO, CON O SIN OPCIÓN DE COMPRA, DE PRODUCTOS O BIENES MUEBLES.";"";"Activo";"Sí";"ERROR"
"2074331";"28/02/22 10:42";"CONTRATO DE SERVICIOS";"DESARROLLAR UNA ACTIVIDAD O REALIZAR UNA PRESTACIÓN DIRIGIDA A LA OBTENCIÓN DE UN RESULTADO DISTINTO DE UNA OBRA O UN SUMINISTRO.";"";"Activo";"Sí";"ERROR"
"2214705";"8/10/21 19:16";"Declaración responsable de cumplimiento de condiciones de seguridad y salubridad de los locales para uso temporal como casales de reunión en fiestas locales para inscripción en el registro";"Procedimiento para registar casales o modificar los ya registrados. Declaración responsable de cumplimiento de condiciones de seguridad y salubridad de los locales para uso temporal como casales de reunión en fiestas locales para inscripción en el registro";"casales,feria";"Activo";"No";"02010700"
"2214732";"21/07/25 8:19";"Pruebas selectivas (bolsa de trabajo)";"Procedimiento para solicitar la realización de pruebas selectivas para bolsas de trabajo";"pruebas,selectiva,empleo,publico,bolsa,trabajo";"Activo";"Sí";"02020400"
"2241313";"6/11/24 8:42";"Matricula del servicio de l'escoleta de Nadal";"Procedimiento para realizar la matrícula del servicio de la ""Escoleta de Nadal""";"Matricula,Escoleta,Nadal";"Activo";"Sí";"02050400"
"2261817";"5/05/25 12:11";"Ficha de mantenimiento de terceros (comunicación de cuenta bancaria)";"Con este trámite se comunica la cuenta bancaria en la que el tercero quiere recibir los pagos que el Ayuntamiento haya de realizarle.";"";"Activo";"Sí";"03020100"
"2265252";"7/04/25 9:42";"Becas VIOGEN";"Tramitación para la solicitud de las becas viogen";"";"Activo";"Sí";"02020400"
"2277705";"28/05/25 9:20";"Matricula del servicio Escoleta de Pasqua";"Matricula del servicio Escoletes del Ayuntamiento de Onda";"Escoleta,matricula,pascua";"Activo";"Sí";"02050400"
"2279959";"5/06/25 17:38";"Donación / Depósito de documentación al Archivo Municipal";"Donación / Depósito de documentación al Archivo Municipal";"donación,depósito,documentos,archivo";"Activo";"Sí";"02010700"
"2300510";"7/02/24 16:14";"Acceso a la Información Pública por los Ciudadanos";"Permite solicitar el ejercicio del derecho de acceso por parte de los ciudadanos que según lo establecido en la normativa sobre Transparencia y en la Constitución Española, pudiendo ejercerlo solicitando acceder a la información pública, archivos y registros";"transparencia,acceso,información,Buen,gobierno";"Activo";"Sí";"02020300"
"2300777";"19/06/25 11:49";"Autorización para el aprovechamiento especial del dominio público local con terrazas";"Autorización que permite a los titulares de establecimientos públicos la ocupación del dominio público mediane la instalación de terrazas";"";"Activo";"Sí";"02040500"
"2300786";"27/05/25 17:17";"Solicitud de devolución de ingresos genérica";"Solicitud de devolución de los importes ingresados que no se puedan solicitar a través de otros trámites específicos de devolución. ";"";"Activo";"Sí";"02010700"
"2302439";"23/04/25 11:24";"Ayudas económicas municipales para familias monoparentales";"Ayudas destinadas a cubrir las necesidades básicas puntuales de los usuarios.";"";"Activo";"Sí";"02010700"
"2304746";"24/04/25 17:39";"Ayudas económicas municipales para personas con celiaquía";"Sirve para cubrir las necesidades básicas puntuales de los usuarios.";"celiaquía,celiacos,aydas,municipales,servicios,sociales";"Activo";"Sí";"02010700"
"2306433";"26/05/25 8:32";"Becas verano";"Becas formación en prácticas de estudiantes universitarios y de ciclos superiores";"becas,verano";"Activo";"Sí";"02020400"
"2309234";"5/11/21 13:41";"Escrito de alegaciones contra denuncia por infracción de tráfico";"Hacer constar por escrito disconformidad contra las denuncias formuladas por infracciones de tráfico.";"alegaciones,denuncia,infracción,tráfico";"Activo";"No";"02020300"
"2311422";"23/06/20 13:43";"Ejercicio del Derecho de Acceso (Datos de Carácter Personal)";"Este trámite permite realizar solicitudes de acceso a los interesado para obtener del Responsable del tratamiento confirmación de si se está tratando o no datos personales que le conciernen y, en tal caso, derecho de acceso a los datos personales.";"Ejercicio,Derecho,Acceso,Datos,Carácter,Personal,LOPD";"Activo";"No";"02010700"
"2311423";"23/06/20 13:42";"Ejercicio de los Derechos de Rectificación, Supresión, Limitación, Portabilidad u Oposición en relación con Datos de Carácter Personal";"Este trámite permite realizar solicitudes de Rectificación, Supresión, Limitación, Portabilidad u Oposición en relación con Datos de Carácter Personal. Derecho de rectificación: el interesado tendrá derecho a obtener sin dilación indebida del responsable del tratamiento la rectificación de los datos personales inexactos que le conciernan. Derecho de Supresión: el interesado tendrá derecho a obtener sin dilación indebida del responsable del tratamiento la supresión de los datos personales que le conciernan siempre que concurran alguna de las circunstancias reguladas en el artículo 17 del RGPD.";"Ejercicio,de,los,Derechos,de,Rectificación,Supresión,Limitación,Portabilidad,Oposición,relación,Datos,Carácter,Personal,LOPD";"Activo";"No";"02010700"
"2323209";"21/07/20 16:08";"Concurso Movilidad";"Procedimiento para la provisión, mediante concurso de una plaza";"";"Activo";"No";"02020400"
"2323560";"23/07/21 12:05";"Cheque escuela infantil";"Solicitud cheque escuela infantil";"Cheque,escuela,infantil";"Activo";"No";"02010700"
"2327935";"28/04/25 8:15";"Utilización de espacios culturales sin fines lucrativos";"Utilización espacios culturales para actividades gratuitas - sin cobro de entrada. Seleccionar entre los espacios ofertados: mónaco, cassola, sala de actos ";"espacios,culturales,sin,fines,lucrativos";"Activo";"Sí";"02010700"
"2327939";"5/09/25 11:39";"Carnet MobilisGO Onda";"Solicitud del Carnet MobilisGO Onda Ayuda al transporte escolar en estudios universitario, posobligatorios y formación profesional, no implantados en población Onda";"";"Activo";"Sí";"14010100"
"2327979";"28/08/20 12:48";"Autorización de vado";"Autorización de reserva de la vía pública, para entrada/salida de vehículos en edificios particulares, a través de las aceras, con o sin limitación de horario, con o sin modificación de bordillo.";"alta,vado,autorizacion";"Activo";"No";"02030600"
"2328171";"12/08/25 10:22";"Pruebas selectivas (Plazas en propiedad)";"Procedimiento para solicitar la realización de pruebas selectivas para plazas en propiedad";"pruebas,selectiva,empleo,publico,bolsa,trabajo";"Activo";"Sí";"02020400"
"2328210";"9/09/20 14:33";"Autorización de cambio de titularidad de vado ";"Porcedimiento para el cambio de titular de vado ";"Autorización,de,cambio,de,titularidad,de,vado";"Activo";"No";"02010700"
"2328212";"9/09/20 13:30";"Autorización de estacionamiento de vehículos frente a vado";"Autorización de estacionamiento de vehículos frente a vado";"Autorización,estacionamiento,vehículos,vado";"Activo";"No";"02010700"
"2328533";"18/09/20 9:14";"Preinscripción a la escuela municipal de teatro";"Solicitud por orden de entrada de plaza en alguno de los cursos formativos de la Escuela Municipal de Teatro de Onda";"Preinscripción,escuela,municipal,teatro";"Activo";"No";"02010700"
"2328642";"25/04/25 9:19";"Ayudas económicas municipales en relación con la vivienda habitual";"Sirve para cubrir las necesidades básicas puntuales de los usuarios.";"Ayudas,económicas,municipales,vivienda,habitual";"Activo";"Sí";"02010700"
"2328664";"23/09/20 12:49";"Autorización para obstaculización de la circulación de la vía pública";"Autorización para obstaculización temporal de la circulación de la vía pública con fines justificados";"autorizacion,obstaculización,via,pública,circulación";"Activo";"No";"02010700"
"2346368";"22/04/25 10:13";"Plan Supera COVID-19 Onda";"Solicitud de ayudas dentro del plan supera COVID-19 Onda";"ayudas,plan,supera,COVID-19";"Activo";"Sí";"02010700"
"2404782";"25/04/25 9:15";"Tarjetas de estacionamiento para personas con movilidad reducida.";"Información, gestión y expedición tarjetas estacionamiento personas con movilidad reducida para la facilidad y comodidad a la hora de estacionar su vehículo.";"Tarjetas,estacionamiento,personas,movilidad,reducida";"Activo";"Sí";"05010200"
"2405820";"22/04/25 10:12";"Ayudas paréntesis";"Solictud de Ayudas paréntesis";"Ayudas,paréntesis,autónomos";"Activo";"Sí";"02060100"
"2406165";"5/09/22 17:12";"Baja de domiciliación bancaria de tributos";"Solicitud que efectúa el titular del recibo, o el titular de la cuenta bancaria donde están domiciliados los recibos, para dar de baja una orden de domiciliación bancaria existente";"";"Activo";"No";"03020400"
"2406277";"23/04/25 8:03";"Concesión de subvenciones, por régimen de concurrencia competitiva, dirigidas a programas de cooperación al desarrollo llevados a cabo por ONGDs locales.";"Concesión de subvenciones, por régimen de concurrencia competitiva, dirigidas a programas de cooperación al desarrollo llevados a cabo por ONGDs locales.";"ong,subvenciones,cooperación";"Activo";"Sí";"14010200"
"2408921";"10/04/25 14:47";"Becas para personas con discapacidad física o sensorial, psíquica o mental.";"Becas para personas con discapacidad física o sensorial, psíquica o mental.";"";"Activo";"Sí";"02020400"
"2409353";"28/07/21 12:52";"Justificación Ayudas Bono Comercio";"Procedimiento para la justificación del Bono Comercio";"";"Activo";"No";"02060100"
"2510084";"25/04/25 9:18";"Viviendas sociales de emergencia";"Siendo conscientes de las graves dificultades de acceso a la vivienda en que se encuentran las unidades de convivencia por determinadas circunstancias, el Ayuntamiento de Onda pretende dar respuesta ante aquellas situaciones sobrevenidas en que puedan encontrarse las personas y/o familias que por determinadas causas se ven obligadas a abandonar su domicilio habitual, ofreciéndoles un alojamiento inmediato y provisional que les permita reponerse de esa situación.";"Viviendas,sociales,de,emergencia";"Activo";"Sí";"05010200"
"2843100";;"Acceso al registro de infracciones en materia de tráfico de un automóvil para dar cumplimiento a cuestiones relacionadas con la Ley sobre Tráfico, Circulación de Vehículos a Motor y Seguridad Vial.";"Acceso al registro de infracciones en materia de tráfico de un automóvil para dar cumplimiento a cuestiones relacionadas con la Ley sobre Tráfico, Circulación de Vehículos a Motor y Seguridad Vial.";"";"Activo";"No";"ERROR"
"2843101";;"Acceso a los datos en materia de tráfico de un automóvil para dar cumplimiento a cuestiones relacionadas con la Ley sobre Tráfico, Circulación de Vehículos a Motor y Seguridad Vial.";"Acceso a los datos en materia de tráfico de un automóvil para dar cumplimiento a cuestiones relacionadas con la Ley sobre Tráfico, Circulación de Vehículos a Motor y Seguridad Vial.";"";"Activo";"No";"ERROR"
"2843102";;"Acceso a las autorizaciones para conducir de un titular para dar cumplimiento a cuestiones relacionadas con la Ley sobre Tráfico, Circulación de Vehículos a Motor y Seguridad Vial.";"Acceso a las autorizaciones para conducir de un titular para dar cumplimiento a cuestiones relacionadas con la Ley sobre Tráfico, Circulación de Vehículos a Motor y Seguridad Vial.";"";"Activo";"No";"ERROR"
"2843694";"2/03/22 17:08";"Licencia de demolición";"Solicitud de licencia de demolición";"";"Activo";"No";"02030200"
"2843695";"2/03/22 17:31";"Licencia de instalación de grúa torre";"Solicitud de instalación de grúa torre";"Licencia,instalación,grúa,torre";"Activo";"No";"02030200"
"2844118";"4/03/22 8:30";"Licencias de segregación o certificado de innecesariedad";"Licencia para la división del suelo y configuración de nuevas fincas registrales y resultantes";"Licencia,segregación,certificado,innecesariedad";"Activo";"No";"02030200"
"2844119";"24/02/22 13:26";"Puesta en funcionamiento grua";"Solicitud de puesta en funcionamiento grua";"";"Activo";"No";"02030200"
"2844313";"4/03/22 8:41";"Licencia de edificación";"Licencia para la construcción de edificios, naves, viviendas unifamiliares o plurifamiliares y otros inmuebles de nueva planta  ";"licencia,edificación";"Activo";"No";"02030200"
"2844314";"2/03/22 17:06";"Licencia de obras mayores";"Solicitud de licencia de obras mayores";"Licencia,obras,mayores";"Activo";"No";"02030200"
"2857059";"16/07/25 12:08";"REVISAR Licencia para la instalación de usos provisionales";"Licencia para la instalación de usos provisionales no previstos en el plan, siempre que no dificulten su ejecución ni la desincentiven, en suelo urbano sin edificar sobre el que no exista solicitud de licencia de edificación o programa de actuación aprobado o en tramitación, y en suelo urbanizable sin programación aprobada.";"usos,provisionales,Licencia,instalación";"Activo";"Sí";"02040500"
"2857060";"16/07/25 12:07";"Autorización de vertidos";"Autorización a las actividades para el vertido de aguas residuales a la red de alcantarillado municipal";"Autorización,vertidos";"Activo";"Sí";"02040500"
"2861038";"16/07/25 12:17";"(Reutilizar) Subvención para la redacción del informe de evaluación de los edificios";"Solicitud de la subvención para la redacción del informe de evaluación de los edificios";"evaluación,edificios,subvención";"Activo";"Sí";"02030200"
"2886809";"16/05/22 13:23";"Solicitud de participación en la Corte de Honor";"Solicitud de participación en la Corte de Honor (mayor e infantil)";"";"Activo";"No";"02010700"
"3048541";;"Notificación electrónica";"Notificación electrónica";"";"Activo";"No";"ERROR"
"3170038";"26/02/25 12:29";"Reserva Instalación Aula Natura";"El objeto del trámite es la reserva para hacer uso del aula natura ubicada en el Salvador";"Aula,Natura";"Activo";"Sí";"14010100"
"3183845";"16/06/25 9:53";"Exención de la tramitación de la autorización de vertidos";"Exención de la tramitación de la autorización de vertidos";"Exención,autorización,vertidos";"Activo";"Sí";"02010700"
"3186001";"4/08/25 16:51";"Presentación Informe de Evaluación de las edificaciones";"Presentación Informe de Evaluación de las edificaciones en edificos catalogados, de antiguedad superior a 50 años o que pretendan acogerse a ayudas públicas.";"";"Activo";"Sí";"02010700"
"3199814";"15/07/25 18:57";"Participación mercado de venta no sedentaria Onda Medieval";"Solicitud de participación en mercado de venta no sedentaria Onda Medieval";"mercado,Onda,Medieval";"Activo";"Sí";"02060100"

